name,id,tier,rarity,base value,range,damage/second,damage/shot,emp,impact,turn rate,OPs,ammo,ammo/sec,reload size,type,energy/shot,energy/second,chargeup,chargedown,burst size,burst delay,min spread,max spread,spread/shot,spread decay/sec,beam speed,proj speed,launch speed,flight time,proj hitpoints,autofireAccBonus,extraArcForAI,hints,tags,groupTag,tech/manufacturer,for weapon tooltip>>,primaryRoleStr,speedStr,trackingStr,turnRateStr,accuracyStr,customPrimary,customPrimaryHL,customAncillary,customAncillaryHL,noDPSInTooltip,number
,,,,,,,,,,,,,,,,,,,,,,,,,,,,,,,,,,,,,,,,,,,,,,,,
IBIS,diableavionics_ibis,0,,300,350,,25,,,180,4,24,10,8,FRAGMENTATION,3,,0,0.05,,,0,2,0.2,1,,2000,,,10,,,PD,"pd6, SR, diable_weapon_bp",,恶魔航电,,点防御,,,,,,,,,,1.1
猛禽防御系统,diableavionics_raptor,0,,1000,600,,40,,,180,8,64,10,4,FRAGMENTATION,10,,0,0.05,,,0,2,0.2,1,,2000,,,10,,,PD,"pd11, diable_weapon_bp",,恶魔航电,,点防御,,,,,,,,,,
,,,,,,,,,,,,,,,,,,,,,,,,,,,,,,,,,,,,,,,,,,,,,,,,
瑞克森 S,diableavionics_recson,1,,700,800,,200,,,24,8,,,,KINETIC,225,,0,2,1,,2,6,5,6,,650,,,100,,,,"kinetic9, LR, diable_weapon_bp",,恶魔航电,,反护盾,,,,,,,,,,
瑞克森 V,diableavionics_recson2,2,0.75,2400,1000,,200,,,8,12,,,,KINETIC,250,,0,2.18,2,0.1,2,6,5,6,,650,,,100,,,,"kinetic14, LR, diable_weapon_bp",,恶魔航电,,反护盾,,,,,,,,,,
,,,,,,,,,,,,,,,,,,,,,,,,,,,,,,,,,,,,,,,,,,,,,,,,
阿特赛转轮突击炮,diableavionics_artassault,0,,400,500,,75,,,30,5,,,,HIGH_EXPLOSIVE,60,,0,1.75,5,0.1,1,3,.25,1,,800,,,25,,,,"he8, diable_weapon_bp",,恶魔航电,,反舰艇,,,,,,,,,,
阿特克斯双管突击炮,diableavionics_artdeux,1,,1200,900,,40,,,12,11,30,7.5,15,HIGH_EXPLOSIVE,40,,0,0.05,2,0.05,1,6,0.1,2,,800,,,25,,,USE_LESS_VS_SHIELDS,"he12, diable_weapon_bp",,恶魔航电,,反船体,,,,,%s: 每枚炮弹将有概率在命中目标时引爆并造成额外{%s}伤害，视发射舰船的幅能水平来增减爆炸概率。,高热量炮弹|80{点破片,,,,
,,,,,,,,,,,,,,,,,,,,,,,,,,,,,,,,,,,,,,,,,,,,,,,,
掘墓者 LAC,diableavionics_graveac,0,,600,500,,65,,10,30,6,9,1.666,3,KINETIC,52,,0,0.4,,,5,10,0.5,3,,900,,,100,,,,"kinetic8, SR, diable_weapon_bp",,恶魔航电,,反护盾,,,,,,,,,,
掘墓者 HMC,diableavionics_gravemg,0,,1150,650,,65,,10,20,11,,,,KINETIC,52,,0,0.2,1,,1,10,0.5,3,,700,,,100,,,,"kinetic15, SR, diable_weapon_bp",,恶魔航电,,反护盾,,,,,,,,,,
格罗斯线性突击炮,diableavionics_glowtusk,0,,1800,600,,500,,50,18,10,,,,HIGH_EXPLOSIVE,400,,0,2.5,,,3,10,3,1,,750,,,350,,,,"he15, SR, diable_weapon_bp",,恶魔航电,,反装甲,,,,,,,,,,
,,,,,,,,,,,,,,,,,,,,,,,,,,,,,,,,,,,,,,,,,,,,,,,,
莫斯特罗加农炮阵列,diableavionics_mostro,2,,3250,800,,250,,25,10,20,,,,HIGH_EXPLOSIVE,250,,0,1,,,2,6,0.5,4,,750,,,60,,,,"he17, diable_weapon_bp, rare_bp",,恶魔航电,,反装甲,,,,,,,,,,
牺牲者 GV 转轮自动炮,diableavionics_opfergv,3,0.5,8000,900,,10,,20,12,20,320,25,160,KINETIC,9,,0.5,0.75,9999,0.075,2,10,0.05,4,,800,,,25,,,,"kinetic18, diable_weapon_bp, rare_bp",,恶魔航电,,压制,,,,,,,,,,
,,,,,,,,,,,,,,,,,,,,,,,,,,,,,,,,,,,,,,,,,,,,,,,,
,,,,,,,,,,,,,,,,,,,,,,,,,,,,,,,,,,,,,,,,,,,,,,,,
,,,,,,,,,,,,,,,,,,,,,,,,,,,,,,,,,,,,,,,,,,,,,,,,
威尼 EMPR,diableavionics_winee,2,0.5,600,600,,25,400,25,50,7,,,,ENERGY,50,,0.5,7.2,5,0.075,,,,,,1000,,,25,,,FIRE_WHEN_INEFFICIENT,"energy5, diable_weapon_bp, rare_bp",,恶魔航电,,支援,,,,,%s: 当击中幅能水平较高的目标护盾或船体时，将有{%s}的概率产生打击武器与引擎的电弧，并造成额外{EMP}伤害。,EMP 电弧|25%,,,,
,,,,,,,,,,,,,,,,,,,,,,,,,,,,,,,,,,,,,,,,,,,,,,,,
布舍尔激光炮,diableavionics_burchel,1,0.5,600,600,250,,,,75,8,12,0.75,3,ENERGY,,200,,,0.48,0.02,,,,,1000000,,,,,,,"PD,ANTI_FTR,PD_ALSO","pd9,beam8, diable_weapon_bp, rare_bp",,恶魔航电,,点防御,,,,,"%s: 对战机和导弹造成额外{%s}伤害
",先进聚焦透镜|25%,,,,
格洛激光炮,diableavionics_glaux,2,0.5,2250,700,687,,,,16,11,8,0.75,2,ENERGY,,618,,,0.48,0.02,,,,,1000000,,,,,,,,"energy14, beam10, diable_weapon_bp, rare_bp",,恶魔航电,,打击,,,,,,,,,,
,,,,,,,,,,,,,,,,,,,,,,,,,,,,,,,,,,,,,,,,,,,,,,,,
焱式霰弹炮,diableavionics_hexafire,1,,1750,700,,80,30,10,15,11,,,,ENERGY,120,,0,2.5,,,2,16,0.6,6,,1200,,,100,,,,"energy13, diable_weapon_bp, rare_bp",,恶魔航电,,通用,,,,,%s: 发射舰船的{%s}越高，射弹造成的额外伤害也就越高，最多提高{%s。,幅能过充|幅能水平|50%,,,,
双联焱式霰弹炮,diableavionics_hexafire2,2,,5000,700,,80,30,10,8,25,,,,ENERGY,120,,0,2.5,,,2,16,0.3,6,,1200,,,120,,,,"energy17, diable_weapon_bp, rare_bp",,恶魔航电,,通用,,,,,%s: 发射舰船的{%s}越高，射弹造成的额外伤害也就越高，最多提高{%s。,幅能过充|幅能水平|50%,,,,
,,,,,,,,,,,,,,,,,,,,,,,,,,,,,,,,,,,,,,,,,,,,,,,,
莱兹曲速发射器,diableavionics_lazyhorn,1,,1250,600,,200,,40,25,12,,,,FRAGMENTATION,100,,0,3.4,7,0.1,45,45,0,0,,100,600,3,100,-2,5,"PD,ANTI_FTR","pd14, diable_weapon_bp, rare_bp",,恶魔航电,,点防御 (范围),,,较快,较差,,,,,,
斯塔特战术激光,diableavionics_state,1,,1500,800,400,,,0,30,12,,,,HIGH_EXPLOSIVE,,320,0.1,0.1,2,1.925,,,,,3000,,,,,,,NO_TURN_RATE_BOOST_WHEN_IDLE,"beam12, energy11, diable_weapon_bp",,恶魔航电,,通用,,,,,,,,,,
SRAB 重型发射器,diableavionics_srab,3,0.75,2300,800,,600,400,50,7,13,,,,ENERGY,750,,0,3,,,,,,,,400,100,2.8,300,,5,,"energy15, LR, diable_weapon_bp, rare_bp",,恶魔航电,,中距离压制,,较差,较快,,%s: 射弹拥有有限的追踪能力。,寻迹射弹,%s: 射弹可被常规点防武器拦截。,不稳定射弹,,
夜曲 EMP 阵列,diableavionics_nocturne,2,0.75,2500,800,600,,900,20,12,12,,,,KINETIC,,900,0.25,1.25,1.5,5.5,,,,,3000,,,,,,,FIRE_WHEN_INEFFICIENT,"beam10, LR, diable_weapon_bp",,恶魔航电,,压制,,,,,%s: 当击中幅能水平较高的目标护盾或船体时，将有{%s}的概率产生打击武器与引擎的电弧，并造成额外{EMP}伤害。,EMP 电弧|25%,,,,
,,,,,,,,,,,,,,,,,,,,,,,,,,,,,,,,,,,,,,,,,,,,,,,,
#Uhlan Siege Laser,diableavionics_uhlan,3,0.33,9000,1000,,1000,,250,4,30,4,0.48,4,ENERGY,1250,,0.25,2,9999,0.75,6,12,2,1,,600,,,800,0.25,,"DO_NOT_CONSERVE, STRIKE, USE_VS_FRIGATES","energy20,LR, diable_weapon_bp, rare_bp",,恶魔航电,,攻城,,,,,,,,,,
枪骑兵攻城加农炮,diableavionics_uhlan,3,0.33,9000,1000,,1000,,250,4,30,4,0.48,4,ENERGY,1250,,0.25,2,9999,0.75,6,12,2,1,,600,,,800,0.25,,DO_NOT_CONSERVE,"energy20,LR, diable_weapon_bp, rare_bp",,恶魔航电,,攻城,,,,,,,,,,
,,,,,,,,,,,,,,,,,,,,,,,,,,,,,,,,,,,,,,,,,,,,,,,,
,,,,,,,,,,,,,,,,,,,,,,,,,,,,,,,,,,,,,,,,,,,,,,,,
,,,,,,,,,,,,,,,,,,,,,,,,,,,,,,,,,,,,,,,,,,,,,,,,
微型导弹发射器,diableavionics_micromissile,1,,500,2000,,50,,5,6,2,25,0.3,3,HIGH_EXPLOSIVE,10,,0.1,5.7,3,0.1,6,6,5,6,,200,180,18,50,,,"DO_NOT_AIM, DO_NOT_CONSERVE","utility10, missile1, rare_bp, diable_weapon_bp",,恶魔航电,,饱和打击,普通,较差,,,,,,,,11.24
微型导弹发射器,diableavionics_microbuiltin,1,,500,2000,,50,,5,6,2,25,0.3,3,HIGH_EXPLOSIVE,10,,0.1,5.7,3,0.1,6,6,5,6,,200,180,18,50,,,"SYSTEM, DO_NOT_AIM, DO_NOT_CONSERVE, DO_NOT_AIM","utility10, missile1",,恶魔航电,,饱和打击,普通,较差,,,,,,,,
微型导弹系统,diableavionics_microcluster,3,,7500,2000,,50,,5,0,,60,0.8,8,HIGH_EXPLOSIVE,10,,0.4,5.9,8,0.1,6,6,5,6,,200,150,18,50,,,"SYSTEM, DO_NOT_AIM, DO_NOT_CONSERVE, DO_NOT_AIM",,,,,,,,,,,,,,,
微型导弹系统,diableavionics_microcluster_left,3,,7500,2000,,50,,5,0,,60,0.8,8,HIGH_EXPLOSIVE,10,,0.4,5.9,8,0.1,6,6,5,6,,200,150,18,50,,,"SYSTEM, DO_NOT_AIM, DO_NOT_CONSERVE, DO_NOT_AIM",,,,,,,,,,,,,,,
微型导弹系统,diableavionics_microcluster2,3,,7500,2000,,50,,5,0,,60,0.8,8,HIGH_EXPLOSIVE,10,,0.4,5.9,8,0.1,6,6,5,6,,200,5,18,50,,,"SYSTEM, DO_NOT_AIM, DO_NOT_CONSERVE, DO_NOT_AIM",,,,,,,,,,,,,,,
微型导弹阵列,diableavionics_microarray,3,,17500,2000,,50,,5,0,,600,2,40,HIGH_EXPLOSIVE,10,,0.1,5.95,40,0.05,6,6,5,6,,200,150,18,50,,,"SYSTEM, DO_NOT_AIM, DO_NOT_CONSERVE, DO_NOT_AIM",,,,,,,,,,,,,,,
微型导弹阵列,diableavionics_microarrayM,3,,17500,2000,,50,,5,0,,300,2,40,HIGH_EXPLOSIVE,10,,0.1,5.95,40,0.05,6,6,5,6,,200,150,18,50,,,"SYSTEM, DO_NOT_AIM, DO_NOT_CONSERVE, DO_NOT_AIM",,,,,,,,,,,,,,,
,,,,,,,,,,,,,,,,,,,,,,,,,,,,,,,,,,,,,,,,,,,,,,,,
魔术盒 PD 导弹,diableavionics_magicbox,1,0.75,400,1200,,150,,3,15,5,12,0.5,3,FRAGMENTATION,25,,0.5,1,1,0,7,14,14,12,,475,35,3.7,40,,,"DO_NOT_AIM, DO_NOT_CONSERVE, PD_ONLY, ANTI_FTR","pd9, missile0, diable_weapon_bp, rare_bp",,恶魔航电,,点防御 (范围),非常快,良好,,,,,,,,11.23
,,,,,,,,,,,,,,,,,,,,,,,,,,,,,,,,,,,,,,,,,,,,,,,,
雷霆 MRM 发射架,diableavionics_thunderboltsmall,0,,200,1800,,800,,5,6,6,8,,,HIGH_EXPLOSIVE,0,,0,5.5,2,0.5,6,9,9,9,,400,50,10,250,,,DO_NOT_AIM,"missile7, strike4, diable_weapon_bp",,恶魔航电,,终结打击,普通,优秀,,,%s: 刺入船体并在敌舰内部造成{%s}的额外伤害，同时会瘫痪攻击路径上的武器。,穿透伤害|50%,,,TRUE,11.4
雷霆 MRM 发射舱,diableavionics_thunderboltpod,1,,1150,2500,,800,,5,6,14,24,,,HIGH_EXPLOSIVE,0,,0.4,6,4,0.4,0,12,4,12,,400,650,10,250,,,DO_NOT_AIM,"missile13, strike9, diable_weapon_bp, rare_bp",,恶魔航电,,终结打击,普通,优秀,,,%s: 刺入船体并在敌舰内部造成{%s}的额外伤害，同时会瘫痪攻击路径上的武器。,穿透伤害|50%,,,TRUE,
,,,,,,,,,,,,,,,,,,,,,,,,,,,,,,,,,,,,,,,,,,,,,,,,
放逐鱼雷 (双发),diableavionics_banishsmall,1,,350,1250,,2000,2000,500,18,2,2,,,ENERGY,,,0,10,1,,0,0,0,0,,10,120,6,400,,,"STRIKE, USE_VS_FRIGATES, DO_NOT_AIM","strike6, missile1, diable_weapon_bp",,恶魔航电,,,较快,预瞄,,,,,,,TRUE,9.7
放逐鱼雷发射器,diableavionics_banish,2,0.75,1550,1500,,2000,2000,500,25,11,9,,,ENERGY,,,0,10,1,,0,0,0,0,,10,120,6,400,,,"STRIKE, USE_VS_FRIGATES, DO_NOT_CONSERVE, DO_NOT_AIM","missile13, strike9, diable_weapon_bp",,恶魔航电,,打击,较快,预瞄,,,,,,,TRUE,
,,,,,,,,,,,,,,,,,,,,,,,,,,,,,,,,,,,,,,,,,,,,,,,,
啄木鸟火箭发射舱,diableavionics_plover,0,,1220,1250,,600,,33,12,10,50,,,HIGH_EXPLOSIVE,0,,0,4.05,4,0.15,0,1,0.1,1,,500,50,4,100,,,,"rocket13, strike8, diable_weapon_bp",,恶魔航电,,反装甲,普通,无,,,%s: 刺入船体并在敌舰内部造成{%s}的额外伤害，同时会瘫痪攻击路径上的武器。,穿透伤害|50%,,,,
画眉鸟 LRM 发射器,diableavionics_thrush,1,,1150,7000,,750,,65,30,13,10,0.13334,2,HIGH_EXPLOSIVE,0,,0,9,2,1,0,0,0,0,,425,25,16,300,,,"DO_NOT_AIM, CONSERVE_1","missile12, strike8, diable_weapon_bp, rare_bp",,恶魔航电,,远程支援,普通,普通,,,%s: 如果第一轮导弹未击中目标，则分裂成{%s}继续追踪。,二级载荷|4枚微型导弹,,,,
,,,,,,,,,,,,,,,,,,,,,,,,,,,,,,,,,,,,,,,,,,,,,,,,
,,,,,,,,,,,,,,,,,,,,,,,,,,,,,,,,,,,,,,,,,,,,,,,,
,,,,,,,,,,,,,,,,,,,,,,,,,,,,,,,,,,,,,,,,,,,,,,,,
,,,,,,,,,,,,,,,,,,,,,,,,,,,,,,,,,,,,,,,,,,,,,,,,
,,,,,,,,,,,,,,,,,,,,,,,,,,,,,,,,,,,,,,,,,,,,,,,,
,,,,,,,,,,,,,,,,,,,,,,,,,,,,,,,,,,,,,,,,,,,,,,,,
,,,,,,,,,,,,,,,,,,,,,,,,,,,,,,,,,,,,,,,,,,,,,,,,
,,,,,,,,,,,,,,,,,,,,,,,,,,,,,,,,,,,,,,,,,,,,,,,,
,,,,,,,,,,,,,,,,,,,,,,,,,,,,,,,,,,,,,,,,,,,,,,,,
,,,,,,,,,,,,,,,,,,,,,,,,,,,,,,,,,,,,,,,,,,,,,,,,
,,,,,,,,,,,,,,,,,,,,,,,,,,,,,,,,,,,,,,,,,,,,,,,,
,,,,,,,,,,,,,,,,,,,,,,,,,,,,,,,,,,,,,,,,,,,,,,,,
,,,,,,,,,,,,,,,,,,,,,,,,,,,,,,,,,,,,,,,,,,,,,,,,
#BUILTIN,,,,,,,,,,,,,,,,,,,,,,,,,,,,,,,,,,,,,,,,,,,,,,,,
,debris_launcher0,,,,200,,1,2,,0,,,,,FRAGMENTATION,,,,,,,5,5,0,0,,225,,,10,,,SYSTEM,,,,,,,,,,,,,,,
,debris_launcher1,,,,200,,1,2,,0,,,,,FRAGMENTATION,,,,,,,5,5,0,0,,275,,,10,,,SYSTEM,,,,,,,,,,,,,,,
,debris_launcher2,,,,200,,1,2,,0,,,,,FRAGMENTATION,,,,,,,5,5,0,0,,350,,,10,,,SYSTEM,,,,,,,,,,,,,,,
,debris_launcher3,,,,200,,1,2,,0,,,,,FRAGMENTATION,,,,,,,5,5,0,0,,400,,,10,,,SYSTEM,,,,,,,,,,,,,,,
,debris_launcher4,,,,200,,1,2,,0,,,,,FRAGMENTATION,,,,,,,5,5,0,0,,350,,,10,,,SYSTEM,,,,,,,,,,,,,,,
,debris_launcher5,,,,200,,1,2,,0,,,,,FRAGMENTATION,,,,,,,5,5,0,0,,275,,,10,,,SYSTEM,,,,,,,,,,,,,,,
,debris_launcher6,,,,200,,1,2,,0,,,,,FRAGMENTATION,,,,,,,5,5,0,0,,350,,,10,,,SYSTEM,,,,,,,,,,,,,,,
,debris_launcher7,,,,200,,1,2,,0,,,,,FRAGMENTATION,,,,,,,5,5,0,0,,375,,,10,,,SYSTEM,,,,,,,,,,,,,,,
,debris_launcher8,,,,200,,1,2,,0,,,,,FRAGMENTATION,,,,,,,5,5,0,0,,385,,,10,,,SYSTEM,,,,,,,,,,,,,,,
,diableavionics_hexafire_ricochet,,,,500,,66,10,,,,,,,ENERGY,,,,,,,0,0,0,0,,700,,,120,,,SYSTEM,,,,,,,,,,,,,,,
,diableavionics_banishWarhead,,,,1100,,1500,1500,500,,,,,,ENERGY,,,,,,,0,0,0,0,,500,500,6,300,,,SYSTEM,,,,,,,,,,,,,,,
,diableavionics_derechoSystem,,,,1,1,,,,,,,,,,,,,10,,,,,,,,,,,,,,SYSTEM,,,,,,,,,,,,,,,
,diableavionics_ecmModuleSystem,,,,1,1,,,,,,,,,,,,,10,,,,,,,,,,,,,,SYSTEM,,,,,,,,,,,,,,,
,diableavionics_rime_system,,,,1,1,,,,,,,,,,,,,10,,,,,,,,,,,,,,SYSTEM,,,,,,,,,,,,,,,
,diableavionics_gustSystem,,,,1,1,,,,,,,,,,,,,10,,,,,,,,,,,,,,SYSTEM,,,,,,,,,,,,,,,
,diableavionics_calmSystem,,,,1,1,,,,,,,,,,,,,10,,,,,,,,,,,,,,SYSTEM,,,,,,,,,,,,,,,
,diableavionics_armor,,,,1,1,,,,,,,,,,,,,10,,,,,,,,,,,,,,SYSTEM,,,,,,,,,,,,,,,
,diableavionics_armorModule,,,,1,1,,,,,,,,,,,,,10,,,,,,,,,,,,,,SYSTEM,,,,,,,,,,,,,,,
Deep Strike Pod,diableavionics_station_deepStrike,4,,350,10000,,500,2000,500,0,50,1,,,ENERGY,0,,1,30,1,,0,0,0,0,,500,50,20,500,,,"STRIKE,DO_NOT_AIM,SYSTEM","strike20, missile20",,恶魔航电,,,,,,,,,,,TRUE,9.7
,diableavionics_deepStrikeGlow,,,,1,1,,,,,,,,,,,,,10,,,,,,,,,,,,,,SYSTEM,,,,,,,,,,,,,,,
,,,,,,,,,,,,,,,,,,,,,,,,,,,,,,,,,,,,,,,,,,,,,,,,
,,,,,,,,,,,,,,,,,,,,,,,,,,,,,,,,,,,,,,,,,,,,,,,,
#VERSANT FRIGATE,,,,,,,,,,,,,,,,,,,,,,,,,,,,,,,,,,,,,,,,,,,,,,,,
,,,,,,,,,,,,,,,,,,,,,,,,,,,,,,,,,,,,,,,,,,,,,,,,
#Harvest (auto),diableavionics_versant_harvest_LEFT,4,,,750,,75,,,180,0,,,,ENERGY,85,,0,0.25,,,0,20,1,2.5,,2000,,,100,,,SYSTEM,"no_drop, no_sell, no_drop_salvage",,恶魔航电,,突击,,,,,,,,,,
#Harvest (auto),diableavionics_versant_harvest_RIGHT,4,,,750,,75,,,180,0,,,,ENERGY,85,,0,0.25,,,0,20,1,2.5,,2000,,,100,,,SYSTEM,"no_drop, no_sell, no_drop_salvage",,恶魔航电,,突击,,,,,,,,,,
#Harvest (burst),diableavionics_versant_harvestB_LEFT,4,,,800,,75,,,180,0,,,,ENERGY,75,,0,0.8,3,0.1,0,5,1,5,,2000,,,100,,,SYSTEM,"no_drop, no_sell, no_drop_salvage",,恶魔航电,,通用,,,,,,,,,,
#Harvest (burst),diableavionics_versant_harvestB_RIGHT,4,,,800,,75,,,180,0,,,,ENERGY,75,,0,0.8,3,0.1,0,5,1,5,,2000,,,100,,,SYSTEM,"no_drop, no_sell, no_drop_salvage",,恶魔航电,,通用,,,,,,,,,,
#$Harvest (semi-auto),diableavionics_versant_harvestC_LEFT,4,,,850,,150,,,180,0,6,1.25,3,ENERGY,200,,0,0.05,9999,0.5,0,15,2.5,2.5,,2000,,,100,,,SYSTEM,"no_drop, no_sell, no_drop_salvage",,恶魔航电,,打击,,,,,,,%s: 射速取决于扣动扳机的速度。,半自动武器,,
#Harvest (semi-auto),diableavionics_versant_harvestC_RIGHT,4,,,850,,150,,,180,0,6,1.25,3,ENERGY,200,,0,0.05,9999,0.5,0,15,2.5,2.5,,2000,,,100,,,SYSTEM,"no_drop, no_sell, no_drop_salvage",,恶魔航电,,打击,,,,,,,%s: 射速取决于扣动扳机的速度。,半自动武器,,
,,,,,,,,,,,,,,,,,,,,,,,,,,,,,,,,,,,,,,,,,,,,,,,,
收割者 (全自动),diableavionics_versant_harvest_LEFT,4,,,700,,100,100,,180,0,,,,ENERGY,90,,0,0.25,,,0,20,1,2.5,,2000,,,100,,,"PD_ALSO,ANTI_FTR,SYSTEM","no_drop, no_sell, no_drop_salvage",,恶魔航电,,突击,,,,,,,,,,
收割者 (全自动),diableavionics_versant_harvest_RIGHT,4,,,700,,100,100,,180,0,,,,ENERGY,90,,0,0.25,,,0,20,1,2.5,,2000,,,100,,,"PD_ALSO,ANTI_FTR,SYSTEM","no_drop, no_sell, no_drop_salvage",,恶魔航电,,突击,,,,,,,,,,
,,,,,,,,,,,,,,,,,,,,,,,,,,,,,,,,,,,,,,,,,,,,,,,,
收割者 (连发),diableavionics_versant_harvestB_LEFT,4,,,800,,100,,,180,0,,,,ENERGY,70,,0,0.8,3,0.1,0,5,1,5,,2000,,,100,,,SYSTEM,"no_drop, no_sell, no_drop_salvage",,恶魔航电,,通用,,,,,,,,,,
收割者 (连发),diableavionics_versant_harvestB_RIGHT,4,,,800,,100,,,180,0,,,,ENERGY,70,,0,0.8,3,0.1,0,5,1,5,,2000,,,100,,,SYSTEM,"no_drop, no_sell, no_drop_salvage",,恶魔航电,,通用,,,,,,,,,,
,,,,,,,,,,,,,,,,,,,,,,,,,,,,,,,,,,,,,,,,,,,,,,,,
收割者 (半自动),diableavionics_versant_harvestC_LEFT,4,,,900,,300,,,180,0,4,0.667,2,ENERGY,330,,0,0.05,9999,0.5,0,15,2.5,2.5,,2000,,,100,,,SYSTEM,"no_drop, no_sell, no_drop_salvage",,恶魔航电,,打击,,,,,,,%s: 射速取决于扣动扳机的速度。,半自动武器,,
收割者 (半自动),diableavionics_versant_harvestC_RIGHT,4,,,900,,300,,,180,0,4,0.667,2,ENERGY,330,,0,0.05,9999,0.5,0,15,2.5,2.5,,2000,,,100,,,SYSTEM,"no_drop, no_sell, no_drop_salvage",,恶魔航电,,打击,,,,,,,%s: 射速取决于扣动扳机的速度。,半自动武器,,0
,,,,,,,,,,,,,,,,,,,,,,,,,,,,,,,,,,,,,,,,,,,,,,,,
,diableavionics_versant_barrel_LEFT,,,,1,1,,,,,,,,,,,,,10,,,,,,,,,,,,,,SYSTEM,,,,,,,,,,,,,,,
,diableavionics_versant_barrel_RIGHT,,,,1,1,,,,,,,,,,,,,10,,,,,,,,,,,,,,SYSTEM,,,,,,,,,,,,,,,
,diableavionics_versant_door_LEFT,,,,1,1,,,,,,,,,,,,,10,,,,,,,,,,,,,,SYSTEM,,,,,,,,,,,,,,,
,diableavionics_versant_door_RIGHT,,,,1,1,,,,,,,,,,,,,10,,,,,,,,,,,,,,SYSTEM,,,,,,,,,,,,,,,
,diableavionics_versant_bit_LEFT,,,,1,1,,,,,,,,,,,,,10,,,,,,,,,,,,,,SYSTEM,,,,,,,,,,,,,,,
,diableavionics_versant_bit_RIGHT,,,,1,1,,,,,,,,,,,,,10,,,,,,,,,,,,,,SYSTEM,,,,,,,,,,,,,,,
,diableavionics_versant_panel_LEFT,,,,1,1,,,,,,,,,,,,,10,,,,,,,,,,,,,,SYSTEM,,,,,,,,,,,,,,,
,diableavionics_versant_panel_RIGHT,,,,1,1,,,,,,,,,,,,,10,,,,,,,,,,,,,,SYSTEM,,,,,,,,,,,,,,,
,diableavionics_versant_slots,,,,1,1,,,,,,,,,,,,,10,,,,,,,,,,,,,,SYSTEM,,,,,,,,,,,,,,,
,diableavionics_versant_shield_LEFT,,,,1,1,,,,,,,,,,,,,10,,,,,,,,,,,,,,SYSTEM,,,,,,,,,,,,,,,
,diableavionics_versant_shield_RIGHT,,,,1,1,,,,,,,,,,,,,10,,,,,,,,,,,,,,SYSTEM,,,,,,,,,,,,,,,
,diableavionics_versant_prong_LEFT,,,,1,1,,,,,,,,,,,,,10,,,,,,,,,,,,,,SYSTEM,,,,,,,,,,,,,,,
,diableavionics_versant_prong_RIGHT,,,,1,1,,,,,,,,,,,,,10,,,,,,,,,,,,,,SYSTEM,,,,,,,,,,,,,,,
,,,,,,,,,,,,,,,,,,,,,,,,,,,,,,,,,,,,,,,,,,,,,,,,
#VIRTUOUS DESTROYER,,,,,,,,,,,,,,,,,,,,,,,,,,,,,,,,,,,,,,,,,,,,,,,,
,,,,,,,,,,,,,,,,,,,,,,,,,,,,,,,,,,,,,,,,,,,,,,,,
,diableavionics_virtuous_shoulderL,,,,1,1,,,,,,,,,,,,,10,,,,,,,,,,,,,,SYSTEM,,,,,,,,,,,,,,,
,diableavionics_virtuous_shoulderR,,,,1,1,,,,,,,,,,,,,10,,,,,,,,,,,,,,SYSTEM,,,,,,,,,,,,,,,
,,,,,,,,,,,,,,,,,,,,,,,,,,,,,,,,,,,,,,,,,,,,,,,,
,diableavionics_mmDump,,,,2000,,300,,5,0,,,,,FRAGMENTATION,50,,2,0,16,0.2,6,6,5,6,,600,100,5,50,,,"SYSTEM, DO_NOT_AIM, DO_NOT_CONSERVE, DO_NOT_AIM",,,,,,,,,,,,,,,
,diableavionics_virtuous_mmDump_DEM,,,,2000,,300,,5,0,,,,,FRAGMENTATION,0,,0,0,16,0.05,6,6,5,6,,600,100,5,50,,,"SYSTEM, DO_NOT_AIM, DO_NOT_CONSERVE",,,,,,,,,,,,,,,
,,,,,,,,,,,,,,,,,,,,,,,,,,,,,,,,,,,,,,,,,,,,,,,,
#HEADS,,,,,,,,,,,,,,,,,,,,,,,,,,,,,,,,,,,,,,,,,,,,,,,,
布舍尔激光炮,diableavionics_virtuous_headA,2,0.5,600,600,250,,,,75,0,6,0.5,3,ENERGY,,333,,,0.48,0.02,,,,,1000000,,,,,,,"PD,ANTI_FTR,SYSTEM","pd9,beam8, no_drop, no_sell, no_drop_salvage",,恶魔航电,,点防御,,,,,"%s: 对战机和导弹造成额外{%s}伤害
",先进聚焦透镜|25%,,,,
威尼 EMPR,diableavionics_virtuous_headB,2,0.5,600,600,,25,400,25,50,0,,,,ENERGY,50,,0.5,7.2,5,0.075,,,,,,1000,,,25,,,"FIRE_WHEN_INEFFICIENT, SYSTEM","energy5, no_drop, no_sell, no_drop_salvage",,恶魔航电,,支援,,,,,%s: 当击中幅能水平较高的目标护盾或船体时，将有{%s}的概率产生打击武器与引擎的电弧，并造成额外{EMP}伤害。,EMP 电弧|25%,,,,
掘墓者 LAC,diableavionics_virtuous_headC,1,,600,500,,70,,10,30,0,9,1.666,3,KINETIC,63,,0,0.4,,,5,10,0.5,3,,900,,,100,,,SYSTEM,"kinetic8, SR, no_drop, no_sell, no_drop_salvage",,恶魔航电,,反护盾,,,,,,,,,,
魔术盒 PD 导弹,diableavionics_virtuous_headD,1,0.75,400,1200,,150,,3,15,0,12,0.5,3,FRAGMENTATION,25,,0.5,1,1,0,7,14,14,12,,475,35,3.7,40,,,"DO_NOT_AIM, DO_NOT_CONSERVE, PD_ONLY, ANTI_FTR, SYSTEM","pd9, missile0, no_drop, no_sell, no_drop_salvage",,恶魔航电,,点防御 (范围),非常快,良好,,,,,,,,11.23
,,,,,,,,,,,,,,,,,,,,,,,,,,,,,,,,,,,,,,,,,,,,,,,,
#ARMS,,,,,,,,,,,,,,,,,,,,,,,,,,,,,,,,,,,,,,,,,,,,,,,,
镰式爆能束,diableavionics_virtuous_scicle_L,4,,,800,,250,50,50,120,0,12,1.6,6,ENERGY,250,,0,0.5,9999,0.2,0,16,0.5,2,,1000,,,100,,,"NO_TURN_RATE_BOOST_WHEN_IDLE, SYSTEM, DO_NOT_CONSERVE","no_drop, no_sell, no_drop_salvage",,恶魔航电,,突击,,,,,,,,,,0
镰式爆能束,diableavionics_virtuous_scicle_R,4,,,800,,250,50,50,120,0,12,1.6,6,ENERGY,250,,0,0.5,9999,0.2,0,16,0.5,2,,1000,,,100,,,"NO_TURN_RATE_BOOST_WHEN_IDLE, SYSTEM, DO_NOT_CONSERVE","no_drop, no_sell, no_drop_salvage",,恶魔航电,,突击,,,,,,,,,,
,,,,,,,,,,,,,,,,,,,,,,,,,,,,,,,,,,,,,,,,,,,,,%s: 射速取决于扣动扳机的速度。,半自动武器,,
暴风雪霰弹枪,diableavionics_virtuous_snowblast_L,4,,,900,,400,,,150,0,2,1.2,3,KINETIC,250,,0,0,3,0.8333,7.5,22.5,5,5,,800,,,100,,,"NO_TURN_RATE_BOOST_WHEN_IDLE, SYSTEM, DO_NOT_CONSERVE","no_drop, no_sell, no_drop_salvage",,恶魔航电,,动能爆发,,,,,,,,,,
暴风雪霰弹枪,diableavionics_virtuous_snowblast_R,4,,,900,,400,,,150,0,2,1.2,3,KINETIC,250,,0,0,3,0.8333,7.5,22.5,5,5,,800,,,100,,,"NO_TURN_RATE_BOOST_WHEN_IDLE, SYSTEM, DO_NOT_CONSERVE","no_drop, no_sell, no_drop_salvage",,恶魔航电,,动能爆发,,,,,,,,,,
,,,,,,,,,,,,,,,,,,,,,,,,,,,,,,,,,,,,,,,,,,,,,,,,
切除者狙击炮,diableavionics_virtuous_excision_L,4,,,1200,,1250,,500,0,0,,,,HIGH_EXPLOSIVE,1375,,0,3.1275,,,0,8,2,8,,4000,,,100,,,"NO_TURN_RATE_BOOST_WHEN_IDLE, SYSTEM","no_drop, no_sell, no_drop_salvage",,恶魔航电,,长程反舰,,,,,,,,,,
切除者狙击炮,diableavionics_virtuous_excision_R,4,,,1200,,1250,,500,0,0,,,,HIGH_EXPLOSIVE,1375,,0,3.1275,,,0,8,2,8,,4000,,,100,,,"NO_TURN_RATE_BOOST_WHEN_IDLE, SYSTEM","no_drop, no_sell, no_drop_salvage",,恶魔航电,,长程反舰,,,,,,,,,,
,,,,,,,,,,,,,,,,,,,,,,,,,,,,,,,,,,,,,,,,,,,,,,,,
格洛 Mk.II,diableavionics_virtuous_glaux_L,4,,,800,687,,343,,90,0,8,1,4,ENERGY,,600,,,0.48,0.02,,,,,1000000,,,,,,,"NO_TURN_RATE_BOOST_WHEN_IDLE, SYSTEM, DO_NOT_CONSERVE","energy20,beam20, no_drop, no_sell, no_drop_salvage",,,,通用/突击,,,,,"%s: 对战机造成额外{%s}伤害
",先进聚焦透镜|100%,,,,
格洛 Mk.II,diableavionics_virtuous_glaux_R,4,,,800,687,,343,,90,0,8,1,4,ENERGY,,600,,,0.48,0.02,,,,,1000000,,,,,,,"NO_TURN_RATE_BOOST_WHEN_IDLE, SYSTEM, DO_NOT_CONSERVE","energy20,beam20, no_drop, no_sell, no_drop_salvage",,,,通用/突击,,,,,"%s: 对战机造成额外{%s}伤害
",先进聚焦透镜|100%,,,,
,,,,,,,,,,,,,,,,,,,,,,,,,,,,,,,,,,,,,,,,,,,,,,,,
蚱蜢榴弹炮,diableavionics_virtuous_grasshopper_L,4,,,900,,500,,,90,0,10,0.5,5,HIGH_EXPLOSIVE,,,0,1,9999,0.2,5,10,3,6,,500,650,5.5,300,-0.5,0,"NO_TURN_RATE_BOOST_WHEN_IDLE, SYSTEM, DO_NOT_CONSERVE, FIRE_WHEN_INEFFICIENT","he20, no_drop, no_sell, no_drop_salvage",,,,重火力,,,,,,,,,,
蚱蜢榴弹炮,diableavionics_virtuous_grasshopper_R,4,,,900,,500,,,90,0,10,0.5,5,HIGH_EXPLOSIVE,,,0,1,9999,0.2,5,10,3,6,,500,650,5.5,300,-0.5,0,"NO_TURN_RATE_BOOST_WHEN_IDLE, SYSTEM, DO_NOT_CONSERVE, FIRE_WHEN_INEFFICIENT","he20, no_drop, no_sell, no_drop_salvage",,,,重火力,,,,,,,,,,
,,,,,,,,,,,,,,,,,,,,,,,,,,,,,,,,,,,,,,,,,,,,,,,,
凶兽加农阵列,diableavionics_virtuous_beast_L,4,,,900,,325,,50,90,0,,,,HIGH_EXPLOSIVE,325,,0,2,,,3,6,0.5,3,,650,,,60,,,"NO_TURN_RATE_BOOST_WHEN_IDLE, SYSTEM","he17, no_drop, no_sell, no_drop_salvage",,恶魔航电,,反装甲,,,,,,,,,,
凶兽加农阵列,diableavionics_virtuous_beast_R,4,,,900,,325,,50,90,0,,,,HIGH_EXPLOSIVE,325,,0,2,,,3,6,0.5,3,,650,,,60,,,"NO_TURN_RATE_BOOST_WHEN_IDLE, SYSTEM","he17, no_drop, no_sell, no_drop_salvage",,恶魔航电,,反装甲,,,,,,,,,,
,,,,,,,,,,,,,,,,,,,,,,,,,,,,,,,,,,,,,,,,,,,,,,,,
咆哮者转轮机炮,diableavionics_virtuous_roar_L,4,,,900,,40,,,120,0,100,10,100,KINETIC,30,,0.7,0.3,9999,0.0666,2,10,0.05,4,,3000,,,25,,,"NO_TURN_RATE_BOOST_WHEN_IDLE, SYSTEM, DO_NOT_CONSERVE","kinetic18, no_drop, no_sell, no_drop_salvage",,恶魔航电,,护盾压制,,,,,,,,,,
咆哮者转轮机炮,diableavionics_virtuous_roar_R,4,,,900,,40,,,120,0,100,10,100,KINETIC,30,,0.7,0.3,9999,0.0666,2,10,0.05,4,,3000,,,25,,,"NO_TURN_RATE_BOOST_WHEN_IDLE, SYSTEM, DO_NOT_CONSERVE","kinetic18, no_drop, no_sell, no_drop_salvage",,恶魔航电,,护盾压制,,,,,,,,,,
,,,,,,,,,,,,,,,,,,,,,,,,,,,,,,,,,,,,,,,,,,,,,,,,=
#PAULDRONS,,,,,,,,,,,,,,,,,,,,,,,,,,,,,,,,,,,,,,,,,,,,,,,,
,diableavionics_virtuous_pauldronA_L,,,,1,1,,,,,,,,,,,,,10,,,,,,,,,,,,,,SYSTEM,,,,,,,,,,,,,,,
,diableavionics_virtuous_pauldronA_R,,,,1,1,,,,,,,,,,,,,10,,,,,,,,,,,,,,SYSTEM,,,,,,,,,,,,,,,
,diableavionics_virtuous_pauldronA_LG,,,,1,1,,,,,,,,,,,,,10,,,,,,,,,,,,,,SYSTEM,,,,,,,,,,,,,,,
,diableavionics_virtuous_pauldronA_RG,,,,1,1,,,,,,,,,,,,,10,,,,,,,,,,,,,,SYSTEM,,,,,,,,,,,,,,,
,,,,,,,,,,,,,,,,,,,,,,,,,,,,,,,,,,,,,,,,,,,,,,,,
,diableavionics_virtuous_pauldronB_L,,,,1,1,,,,,,,,,,,,,10,,,,,,,,,,,,,,SYSTEM,,,,,,,,,,,,,,,
,diableavionics_virtuous_pauldronB_R,,,,1,1,,,,,,,,,,,,,10,,,,,,,,,,,,,,SYSTEM,,,,,,,,,,,,,,,
,diableavionics_virtuous_pauldronB_LG,,,,1,1,,,,,,,,,,,,,10,,,,,,,,,,,,,,SYSTEM,,,,,,,,,,,,,,,
,diableavionics_virtuous_pauldronB_RG,,,,1,1,,,,,,,,,,,,,10,,,,,,,,,,,,,,SYSTEM,,,,,,,,,,,,,,,
,,,,,,,,,,,,,,,,,,,,,,,,,,,,,,,,,,,,,,,,,,,,,,,,
,diableavionics_virtuous_pauldronC_L,,,,1,1,,,,,,,,,,,,,10,,,,,,,,,,,,,,SYSTEM,,,,,,,,,,,,,,,
,diableavionics_virtuous_pauldronC_R,,,,1,1,,,,,,,,,,,,,10,,,,,,,,,,,,,,SYSTEM,,,,,,,,,,,,,,,
,diableavionics_virtuous_pauldronC_LG,,,,1,1,,,,,,,,,,,,,10,,,,,,,,,,,,,,SYSTEM,,,,,,,,,,,,,,,
,diableavionics_virtuous_pauldronC_RG,,,,1,1,,,,,,,,,,,,,10,,,,,,,,,,,,,,SYSTEM,,,,,,,,,,,,,,,
,,,,,,,,,,,,,,,,,,,,,,,,,,,,,,,,,,,,,,,,,,,,,,,,
,diableavionics_virtuous_pauldronD_L,,,,1,1,,,,,,,,,,,,,10,,,,,,,,,,,,,,SYSTEM,,,,,,,,,,,,,,,
,diableavionics_virtuous_pauldronD_R,,,,1,1,,,,,,,,,,,,,10,,,,,,,,,,,,,,SYSTEM,,,,,,,,,,,,,,,
,diableavionics_virtuous_pauldronD_LG,,,,1,1,,,,,,,,,,,,,10,,,,,,,,,,,,,,SYSTEM,,,,,,,,,,,,,,,
,diableavionics_virtuous_pauldronD_RG,,,,1,1,,,,,,,,,,,,,10,,,,,,,,,,,,,,SYSTEM,,,,,,,,,,,,,,,
,,,,,,,,,,,,,,,,,,,,,,,,,,,,,,,,,,,,,,,,,,,,,,,,
,,,,,,,,,,,,,,,,,,,,,,,,,,,,,,,,,,,,,,,,,,,,,,,,
,,,,,,,,,,,,,,,,,,,,,,,,,,,,,,,,,,,,,,,,,,,,,,,,
,,,,,,,,,,,,,,,,,,,,,,,,,,,,,,,,,,,,,,,,,,,,,,,,
#ARBITRATOR,,,,,,,,,,,,,,,,,,,,,,,,,,,,,,,,,,,,,,,,,,,,,,,,
落锤助推器,diableavionics_arbitratorBooster,,,,750,,600,,,5,5,1,0.001,1,HIGH_EXPLOSIVE,,,0,1,0,0,0,0,0,0,,500,-50,5,120,,,"SYSTEM,DO_NOT_AIM,PD",,,,,,,,,,,,,,,
突击转轮炮,diableavionics_arbitratorartassault,0,,450,500,,65,,,60,5,,,,HIGH_EXPLOSIVE,,,0,1.6,5,0.1,0,5,1,5,,1000,,,25,,,SYSTEM,he8,,,,,,,,,,,,,,
,,,,,,,,,,,,,,,,,,,,,,,,,,,,,,,,,,,,,,,,,,,,,,,,
#ARBITRATOR Z,,,,,,,,,,,,,,,,,,,,,,,,,,,,,,,,,,,,,,,,,,,,,,,,
珩科鸟火箭发射架,diableavionics_plover_fighter,0,,1220,600,,200,,33,12,10,4,,,HIGH_EXPLOSIVE,0,,0,5,4,0.1,5,10,2,1,,500,200,4,100,,,SYSTEM,"rocket13, strike8",,,,,,,,,,,,,,
,,,,,,,,,,,,,,,,,,,,,,,,,,,,,,,,,,,,,,,,,,,,,,,,
,diableavionics_wanzerArm,,,,1,1,,,,,,,,,,,,,10,,,,,,,,,,,,,,SYSTEM,,,,,,,,,,,,,,,
,,,,,,,,,,,,,,,,,,,,,,,,,,,,,,,,,,,,,,,,,,,,,,,,
#AVALANCHE,,,,,,,,,,,,,,,,,,,,,,,,,,,,,,,,,,,,,,,,,,,,,,,,
短管瑞克森,diableavionics_avalancheHead,,,,600,,250,,,45,,,,,KINETIC,,,0,3.5,2,0.5,2,6,5,6,,600,,,100,,,SYSTEM,,,恶魔航电,,反护盾,,,,,,,,,,
雪崩霰弹枪,diableavionics_avalancheGun,,,,500,,360,,,30,,,,,HIGH_EXPLOSIVE,,,0,2,,,2,4,0.5,2.5,,1000,,,100,,,"SYSTEM, DO_NOT_CONSERVE, PD, PD_ALSO",,,恶魔航电,,动能霰弹,,,,,,,,,,
,,,,,,,,,,,,,,,,,,,,,,,,,,,,,,,,,,,,,,,,,,,,,,,,
,diableavionics_avalancheProjNormal,,,,500,,60,,,,,,,,HIGH_EXPLOSIVE,,,0,1,,,,,,,,1000,,,100,,,SYSTEM,,,,,,,,,,,,,,,
,diableavionics_avalancheProjSuper,,,,500,,60,,,,,,,,HIGH_EXPLOSIVE,,,0,1,,,,,,,,1000,,,100,,,SYSTEM,,,,,,,,,,,,,,,
,,,,,,,,,,,,,,,,,,,,,,,,,,,,,,,,,,,,,,,,,,,,,,,,
,diableavionics_avalanchePauldronL,,,,1,1,,,,,,,,,,,,,10,,,,,,,,,,,,,,SYSTEM,,,,,,,,,,,,,,,
,diableavionics_avalanchePauldronR,,,,1,1,,,,,,,,,,,,,10,,,,,,,,,,,,,,SYSTEM,,,,,,,,,,,,,,,
雷霆SRM发射器,diableavionics_avalancheTorso,0,,400,600,,550,,5,6,5,2,,,HIGH_EXPLOSIVE,,,,10,,,6,9,9,9,,300,50,6,100,,,"DO_NOT_AIM,SYSTEM",,,,,,,,,,,,,,,
,diableavionics_avalancheArm,,,,1,1,,,,,,,,,,,,,10,,,,,,,,,,,,,,SYSTEM,,,,,,,,,,,,,,,
,,,,,,,,,,,,,,,,,,,,,,,,,,,,,,,,,,,,,,,,,,,,,,,,
#WARLUST,,,,,,,,,,,,,,,,,,,,,,,,,,,,,,,,,,,,,,,,,,,,,,,,
IBIS (单管),diableavionics_warlusthead,,,,300,,40,,,90,4,,,,FRAGMENTATION,,,0,0.1,1,,0,12,1,20,,1000,,,10,,,"PD,PD_ONLY,SYSTEM",,,,,,,,,,,,,,,
魔术盒 PD 导弹,diableavionics_warlustmissile,1,0.75,450,750,,150,,3,15,5,8,0.5,1,FRAGMENTATION,,,0,1.5,,,7,14,14,12,,475,35,3.7,40,,,"ANTI_FTR,PD_ONLY,DO_NOT_AIM,SYSTEM",,,,,,,,,,,,,,,
精确射手武器,diableavionics_warlustgun,,,,800,,400,200,50,25,,,,,KINETIC,,,0,2,,,2,5,2,6,,2000,,,100,,,SYSTEM,,,,,,,,,,,,,,,
IBIS (单管),diableavionics_warlust_drone,,,,300,,40,,,90,4,,,,FRAGMENTATION,,,0,0.1,1,,0,12,1,20,,1000,,,10,,,"PD,SYSTEM",,,,,,,,,,,,,,,
,diableavionics_warlustpauldron,,,,1,1,,,,,,,,,,,,,10,,,,,,,,,,,,,,SYSTEM,,,,,,,,,,,,,,,
,,,,,,,,,,,,,,,,,,,,,,,,,,,,,,,,,,,,,,,,,,,,,,,,
#FROST WANZER,,,,,,,,,,,,,,,,,,,,,,,,,,,,,,,,,,,,,,,,,,,,,,,,
IBIS (单管),diableavionics_frosthead,,,,300,,40,,,90,4,,,,FRAGMENTATION,,,0,0.1,1,,0,12,1,20,,1000,,,10,,,"PD,PD_ONLY,SYSTEM",,,,,,,,,,,,,,,
冰霜突击炮,diableavionics_frostLeftArm,,,,400,,75,,,30,,9,2,9,KINETIC,,,0,0.15,0,,3,10,3,6,,750,,,10,,,SYSTEM,,,,,,,,,,,,,,,
冰霜利刃,diableavionics_frostBlade,,,,20,500,,,,,,1,0.001,,HIGH_EXPLOSIVE,,,0.05,0.05,,,,,,,1000000,,,,,,,SYSTEM,,,,,,,,,,,,,,,
,diableavionics_frostRightArm,,,,1,1,,,,,,,,,,,,,10,,,,,,,,,,,,,,SYSTEM,,,,,,,,,,,,,,,
,diableavionics_frostPauldron,,,,1,1,,,,,,,,,,,,,10,,,,,,,,,,,,,,SYSTEM,,,,,,,,,,,,,,,
,diableavionics_frostPauldron2,,,,1,1,,,,,,,,,,,,,10,,,,,,,,,,,,,,SYSTEM,,,,,,,,,,,,,,,
,,,,,,,,,,,,,,,,,,,,,,,,,,,,,,,,,,,,,,,,,,,,,,,,
#STRIFE,,,,,,,,,,,,,,,,,,,,,,,,,,,,,,,,,,,,,,,,,,,,,,,,
IBIS (单管),diableavionics_strifehead,,,,300,,40,,,90,4,,,,FRAGMENTATION,,,0,0.1,1,,0,12,1,20,,1000,,,10,,,"PD,PD_ONLY,SYSTEM",,,,,,,,,,,,,,,
格罗姆转轮机枪,diableavionics_strifegun,,,,550,,65,,,30,,10,6.923,10,FRAGMENTATION,,,0.25,0.25,99999,0.0722,1,10,1,6,,1500,,,100,,,"SYSTEM,PD_ALSO",,,,,,,,,,,,,,,
,diableavionics_strifeTorso,,,,1,1,,,,,,,,,,,,,10,,,,,,,,,,,,,,SYSTEM,,,,,,,,,,,,,,,
,diableavionics_strifeGlow,,,,1,1,,,,,,,,,,,,,10,,,,,,,,,,,,,,SYSTEM,,,,,,,,,,,,,,,
,diableavionics_strifeRightArm,,,,1,1,,,,,,,,,,,,,10,,,,,,,,,,,,,,SYSTEM,,,,,,,,,,,,,,,
,diableavionics_strifeRightPauldron,,,,1,1,,,,,,,,,,,,,10,,,,,,,,,,,,,,SYSTEM,,,,,,,,,,,,,,,
,diableavionics_strifeLeftArm,,,,1,1,,,,,,,,,,,,,10,,,,,,,,,,,,,,SYSTEM,,,,,,,,,,,,,,,
,diableavionics_strifeLeftPauldron,,,,1,1,,,,,,,,,,,,,10,,,,,,,,,,,,,,SYSTEM,,,,,,,,,,,,,,,
,,,,,,,,,,,,,,,,,,,,,,,,,,,,,,,,,,,,,,,,,,,,,,,,
#BLIZZAIA,,,,,,,,,,,,,,,,,,,,,,,,,,,,,,,,,,,,,,,,,,,,,,,,
IBIS (单管),diableavionics_blizzaiaHead,,,,300,,40,,,40,5,,,,FRAGMENTATION,,,0,0.1,1,,0,12,1,20,,1000,,,10,,,"PD,PD_ONLY,SYSTEM",,,,,,,,,,,,,,,
夜曲 EMP 阵列 (短程),diableavionics_blizzaiaNocturne,3,0.75,2300,550,380,,720,20,12,11,,,,KINETIC,,,0.5,0.5,1,3,,,,,2500,,,,,,,"FIRE_WHEN_INEFFICIENT,SYSTEM","beam10, LR",,恶魔航电,,压制,,,,,,,,,,
掘墓者 LAC (轻型),diableavionics_blizzaiaGraveac,1,,750,500,,70,,10,30,6,9,1,3,KINETIC,,,0,0.4,,,5,10,0.5,3,,900,,,100,,,"FIRE_WHEN_INEFFICIENT, SYSTEM","kinetic8, SR",,恶魔航电,,反护盾,,,,,,,,,,
金蝉榴弹炮,diableavionics_blizzaiaCicada,,,,500,,500,,,30,,,,,HIGH_EXPLOSIVE,,,0,7.4,4,0.1,4,10,3,6,,350,450,3.5,300,-0.5,,"FIRE_WHEN_INEFFICIENT,SYSTEM, DO_NOT_CONSERVE",,,恶魔航电,,反护盾,,,,,,,,,,
,diableavionics_blizzaiaShoulderL,,,,1,1,,,,,,,,,,,,,10,,,,,,,,,,,,,,SYSTEM,,,恶魔航电,,重火力,,,,,,,,,,
,diableavionics_blizzaiaShoulderR,,,,1,1,,,,,,,,,,,,,10,,,,,,,,,,,,,,SYSTEM,,,,,,,,,,,,,,,
,,,,,,,,,,,,,,,,,,,,,,,,,,,,,,,,,,,,,,,,,,,,,,,,
#RAVEN,,,,,,,,,,,,,,,,,,,,,,,,,,,,,,,,,,,,,,,,,,,,,,,,
布舍尔 (轻型),diableavionics_ravenhead,,,,600,250,,,,36,9,9,0.75,2,ENERGY,,,0,0,0.48,0.02,,,,,1000000,,,,,,,"PD,PD_ONLY,SYSTEM",,,,,,,,,,"%s: 对战机和导弹造成额外{%s}伤害
",先进聚焦透镜|25%,,,,
格罗斯线性突击炮,diableavionics_ravenright,1,,2250,500,,500,,50,25,11,,,,HIGH_EXPLOSIVE,,,0,2.5,,,3,10,3,1,,850,,,350,,,SYSTEM,,,,,,,,,,,,,,,
掘墓者 HMC,diableavionics_ravenleft,1,,1750,550,,65,,10,30,11,,,,KINETIC,,,0,0.2,1,,1,10,0.5,3,,700,,,100,,,SYSTEM,,,,,,,,,,,,,,,
,,,,,,,,,,,,,,,,,,,,,,,,,,,,,,,,,,,,,,,,,,,,,,,,
#VALIANT WANZER,,,,,,,,,,,,,,,,,,,,,,,,,,,,,,,,,,,,,,,,,,,,,,,,
ILIS PD,diableavionics_valianthead,,,,500,150,,,,30,,,,,ENERGY,,,0.5,0.5,,,,,,,1600,1600,,,,,,"PD,PD_ONLY,SYSTEM",,,,,,,,,,,,,,,
剔除者,diableavionics_valiantleft,,,,400,,100,,,90,,,,,ENERGY,,,0,.75,,,0,5,0.5,5,,2000,,,100,,,"SYSTEM,PD_ALSO",,,,,,,,,,,,,,,
剔除者,diableavionics_valiantright,,,,400,,100,,,90,,,,,ENERGY,,,0,.75,,,0,5,0.5,5,,2000,,,100,,,"SYSTEM,PD_ALSO",,,,,,,,,,,,,,,
微型导弹,diableavionics_itanolauncher,,,,750,,200,,5,6,5,4,0.2,4,FRAGMENTATION,,,1,7.7,4,0.1,6,6,5,6,,300,150,8,25,,,"DO_NOT_AIM, SYSTEM",,,,,,,,,,,,,,,
,diableavionics_valianttransform,,,,1,1,,,,,,,,,,,,,10,,,,,,,,,,,,,,SYSTEM,,,,,,,,,,,,,,,
,diableavionics_valiant_head,,,,1,1,,,,,,,,,,,,,10,,,,,,,,,,,,,,SYSTEM,,,,,,,,,,,,,,,
,diableavionics_valiant_chest,,,,1,1,,,,,,,,,,,,,10,,,,,,,,,,,,,,SYSTEM,,,,,,,,,,,,,,,
,diableavionics_valiant_back,,,,1,1,,,,,,,,,,,,,10,,,,,,,,,,,,,,SYSTEM,,,,,,,,,,,,,,,
,diableavionics_valiant_shoulder_LEFT,,,,1,1,,,,,,,,,,,,,10,,,,,,,,,,,,,,SYSTEM,,,,,,,,,,,,,,,
,diableavionics_valiant_pauldron_LEFT,,,,1,1,,,,,,,,,,,,,10,,,,,,,,,,,,,,SYSTEM,,,,,,,,,,,,,,,
,diableavionics_valiant_barrel_LEFT,,,,1,1,,,,,,,,,,,,,10,,,,,,,,,,,,,,SYSTEM,,,,,,,,,,,,,,,
,diableavionics_valiant_cover_LEFT,,,,1,1,,,,,,,,,,,,,10,,,,,,,,,,,,,,SYSTEM,,,,,,,,,,,,,,,
,diableavionics_valiant_shoulder_RIGHT,,,,1,1,,,,,,,,,,,,,10,,,,,,,,,,,,,,SYSTEM,,,,,,,,,,,,,,,
,diableavionics_valiant_pauldron_RIGHT,,,,1,1,,,,,,,,,,,,,10,,,,,,,,,,,,,,SYSTEM,,,,,,,,,,,,,,,
,diableavionics_valiant_barrel_RIGHT,,,,1,1,,,,,,,,,,,,,10,,,,,,,,,,,,,,SYSTEM,,,,,,,,,,,,,,,
,diableavionics_valiant_cover_RIGHT,,,,1,1,,,,,,,,,,,,,10,,,,,,,,,,,,,,SYSTEM,,,,,,,,,,,,,,,
,,,,,,,,,,,,,,,,,,,,,,,,,,,,,,,,,,,,,,,,,,,,,,,,
#ZEPHYR,,,,,,,,,,,,,,,,,,,,,,,,,,,,,,,,,,,,,,,,,,,,,,,,
布舍尔 (轻型),diableavionics_zephyr_head,,,1500,600,250,,,,36,9,8,1,1,ENERGY,,,0,0,0.48,0.02,,,,,1000000,,,,,,,"PD,ANTI_FTR,PD_ALSO,SYSTEM",,,,,,,,,,"%s: 对战机和导弹造成额外{%s}伤害
",先进聚焦透镜|25%,,,,
微型格洛,diableavionics_zephyr_leftBeam,2,0.5,3000,650,300,,,,75,8,4,1,,ENERGY,,,0,0,0.48,0.02,,,,,1000000,,,,,,,"SYSTEM,PD,ANTI_FTR,PD_ALSO","energy8,beam8",,,,,,,,,,,,,,
微型格洛,diableavionics_zephyr_rightBeam,2,0.5,3000,650,300,,,,75,8,4,1,,ENERGY,,,0,0,0.48,0.02,,,,,1000000,,,,,,,"SYSTEM,PD,ANTI_FTR,PD_ALSO","energy8,beam8",,,,,,,,,,,,,,
,diableavionics_zephyr_chestBeam,3,1,5000,850,1000,200,25,25,0,15,,,,ENERGY,,,3,0.25,2,10,,,,,1000000,,,,,,,SYSTEM,"energy20,beam20",,,,,,,,,,,,,,
,diableavionics_zephyr_leftArm,,,,1,1,,,,,,,,,,,,,10,,,,,,,,,,,,,,SYSTEM,,,,,,,,,,,,,,,
,diableavionics_zephyr_rightArm,,,,1,1,,,,,,,,,,,,,10,,,,,,,,,,,,,,SYSTEM,,,,,,,,,,,,,,,
,diableavionics_zephyr_leftPauldron,,,,1,1,,,,,,,,,,,,,10,,,,,,,,,,,,,,SYSTEM,,,,,,,,,,,,,,,
,diableavionics_zephyr_rightPauldron,,,,1,1,,,,,,,,,,,,,10,,,,,,,,,,,,,,SYSTEM,,,,,,,,,,,,,,,
,diableavionics_zephyr_leftChest,,,,1,1,,,,,,,,,,,,,10,,,,,,,,,,,,,,SYSTEM,,,,,,,,,,,,,,,
,diableavionics_zephyr_rightChest,,,,1,1,,,,,,,,,,,,,10,,,,,,,,,,,,,,SYSTEM,,,,,,,,,,,,,,,
,diableavionics_zephyr_rail,,,,1,1,,,,,,,,,,,,,10,,,,,,,,,,,,,,SYSTEM,,,,,,,,,,,,,,,
,diableavionics_zephyr_leftRod,,,,1,1,,,,,,,,,,,,,10,,,,,,,,,,,,,,SYSTEM,,,,,,,,,,,,,,,
,diableavionics_zephyr_rightRod,,,,1,1,,,,,,,,,,,,,10,,,,,,,,,,,,,,SYSTEM,,,,,,,,,,,,,,,
,,,,,,,,,,,,,,,,,,,,,,,,,,,,,,,,,,,,,,,,,,,,,,,,
#HOAR,,,,,,,,,,,,,,,,,,,,,,,,,,,,,,,,,,,,,,,,,,,,,,,,
布舍尔 (轻型),diableavionics_hoar_head,,,1500,600,250,,,,36,9,9,0.5,2,ENERGY,,,0,0,0.48,0.02,,,,,1000000,,,,,,,"PD,PD_ONLY,SYSTEM",,,,,,,,,,"%s: 对战机和导弹造成额外{%s}伤害
",先进聚焦透镜|25%,,,,
威尼 EMPR (轻型),diableavionics_hoar_winee,2,0.5,600,600,,25,400,25,50,7,,,,ENERGY,50,,0.5,7.2,3,0.075,,,,,,1000,,,25,,,"FIRE_WHEN_INEFFICIENT,SYSTEM",energy5,,恶魔航电,,支援,,,,,%s: 当击中幅能水平较高的目标护盾或船体时，将有{%s}的概率产生打击武器与引擎的电弧，并造成额外{EMP}伤害。,EMP 电弧|25%,,,,
,,,,,,,,,,,,,,,,,,,,,,,,,,,,,,,,,,,,,,,,,,,,,,,,
墓碑速射炮,diableavionics_hoarArmL,,,,600,,140,,100,45,,,,,FRAGMENTATION,,,0,0.8,,,0,5,2,6,,2000,,,10,,,"PD,PD_ALSO,SYSTEM",,,,,,,,,,,,,,,
墓碑速射炮,diableavionics_hoarArmR,,,,600,,140,,100,45,,,,,FRAGMENTATION,,,0,0.8,,,0,5,2,6,,2000,,,10,,,"PD,PD_ALSO,SYSTEM",,,,,,,,,,,,,,,04
,diableavionics_hoarPauldronL,,,,1,1,,,,,,,,,,,,,10,,,,,,,,,,,,,,SYSTEM,,,,,,,,,,,,,,,
,diableavionics_hoarPauldronR,,,,1,1,,,,,,,,,,,,,10,,,,,,,,,,,,,,SYSTEM,,,,,,,,,,,,,,,